{"Metadata":{"Name":"X24_DisasterLookup","ModifiedBy":"admin","ModifiedDate":"11/16/2023, 07:08:03 PM","version":"","Description":"","Enabled":false,"Type":"Custom","Version":"24.1.0-14","linkedDashboards":[],"FormLayout":"responsive","filename":"X24_DisasterLookup","customFields":[],"status":"PENDING"},"Panels":[{"id":"SubjectPropertyInfo","cid":"78f92977-5cb8-5ce0-f1dc-ebabb5281a30","row":"1","col":"12","sectionHeaderText":"Subject Property Address","formPersonaAccess":{},"enableHeader":"true","enabled":"true","visible":"true","isAvailableOnWorkspace":"true","lastItem":"last-item"}],"Controls":[{"id":"StreetCtrl","type":"TextBox","cid":"f7fc798f-6a2c-b398-0f21-d1251412a8e2","options":0,"controlClass":"em-txt-lg","labelPosition":"label_Top","labelAlignment":"label_Left","Properties":{"ui":{"width":6,"isControlResized":true,"label":"Street Address","offset":0,"labelWrap":"false","labelPosition":"Top","labelPositionValue":"1","labelAlignment":"Left","labelAlignmentValue":"1","labelStyle":"","removedLabel":"false","hoverText":"","maxChar":"0","inputSymbol":"","inputSymbolText":"-- Choose One--","placeholder":"","instructionText":"","isInternational":"false","removedBorder":"false"},"events":{"Change":null,"FocusIn":null,"FocusOut":null},"data":{"domain":{"fieldId":"URLA.X73","fieldType":"standard","fieldFormat":"STRING","fieldFormatReset":"STRING","fieldDBType":"String","entityPath":"loan.property.addressLineText","entity":"","property":"addressLineText","collectionField":null,"itemNumber":"","stdDataOptions":"manual","allowEdit":"true"}}},"parentId":"SubjectPropertyInfo","domPath":"/SubjectPropertyInfo","depth":null,"index":0,"name":"StreetCtrl","isAvailableOnWorkspace":"true","enabled":"true","tabIndex":"","lockField":"false","lockIconPosition":"Left","lockIconPositionValue":"1","city":"","state":"","country":"","cityField":"","stateField":"","countyField":"","rolodexId":"","rolodexField":"","visible":"true","controlAction":"","controlActionText":"Choose One...","field":"URLA.X73 (Property Address Line Text)","previewMode":false},{"id":"CityCtrl","type":"TextBox","cid":"f4704254-2e2e-23a1-8755-d8baab35f604","options":0,"controlClass":"em-txt-lg","labelPosition":"label_Top","labelAlignment":"label_Left","Properties":{"ui":{"width":4,"isControlResized":true,"label":"City","offset":3,"labelWrap":"false","labelPosition":"Top","labelPositionValue":"1","labelAlignment":"Left","labelAlignmentValue":"1","labelStyle":"","removedLabel":"false","hoverText":"","maxChar":"0","inputSymbol":"","inputSymbolText":"-- Choose One--","placeholder":"","instructionText":"","isInternational":"false","removedBorder":"false"},"events":{},"data":{"domain":{"fieldId":"12","fieldType":"standard","fieldFormat":"STRING","fieldFormatReset":"STRING","fieldDBType":"String","entityPath":"loan.property.city","entity":"","property":"city","collectionField":null,"itemNumber":"","stdDataOptions":"manual","allowEdit":"true"}}},"parentId":"SubjectPropertyInfo","domPath":"/SubjectPropertyInfo","depth":null,"index":0,"name":"CityCtrl","isAvailableOnWorkspace":"true","enabled":"true","tabIndex":"","lockField":"false","lockIconPosition":"Left","lockIconPositionValue":"1","city":"12 (Subject Property City)","state":"14 (Subject Property State)","country":"13 (Subject Property County)","cityField":"12","stateField":"14","countyField":"13","rolodexId":"","rolodexField":"","visible":"true","controlAction":"","controlActionText":"Choose One...","field":"12 (Subject Property City)","previewMode":false},{"id":"StateCtrl","type":"TextBox","cid":"f917a9ca-f38b-8278-9d39-122fb0d8edbc","options":0,"controlClass":"em-txt-lg","labelPosition":"label_Top","labelAlignment":"label_Left","Properties":{"ui":{"width":1,"isControlResized":true,"label":"State","offset":0,"labelWrap":"false","labelPosition":"Top","labelPositionValue":"1","labelAlignment":"Left","labelAlignmentValue":"1","labelStyle":"","removedLabel":"false","hoverText":"","maxChar":"2","inputSymbol":"","inputSymbolText":"-- Choose One--","placeholder":"","instructionText":"","isInternational":"false","removedBorder":"false"},"events":{},"data":{"domain":{"fieldId":"14","fieldType":"standard","fieldFormat":"STATE","fieldFormatReset":"STATE","fieldDBType":"String","entityPath":"loan.property.state","entity":"","property":"state","collectionField":null,"itemNumber":"","stdDataOptions":"manual","allowEdit":"true"}}},"parentId":"SubjectPropertyInfo","domPath":"/SubjectPropertyInfo","depth":null,"index":0,"name":"StateCtrl","isAvailableOnWorkspace":"true","enabled":"true","tabIndex":"","lockField":"false","lockIconPosition":"Left","lockIconPositionValue":"1","city":"12 (Subject Property City)","state":"14 (Subject Property State)","country":"13 (Subject Property County)","cityField":"12","stateField":"14","countyField":"13","rolodexId":"","rolodexField":"","visible":"true","controlAction":"","controlActionText":"Choose One...","field":"14 (Subject Property State)","previewMode":false},{"id":"ZipCtrl","type":"TextBox","cid":"9336c5ca-8b1a-8e10-5fe4-c28f4a1c6b3d","options":0,"controlClass":"em-txt-lg","labelPosition":"label_Top","labelAlignment":"label_Left","Properties":{"ui":{"width":3,"isControlResized":true,"label":"Zip","offset":0,"labelWrap":"false","labelPosition":"Top","labelPositionValue":"1","labelAlignment":"Left","labelAlignmentValue":"1","labelStyle":"","removedLabel":"false","hoverText":"","maxChar":"10","inputSymbol":"","inputSymbolText":"-- Choose One--","placeholder":"","instructionText":"","isInternational":"false","removedBorder":"false"},"events":{},"data":{"domain":{"fieldId":"15","fieldType":"standard","fieldFormat":"ZIPCODE","fieldFormatReset":"ZIPCODE","fieldDBType":"String","entityPath":"loan.property.postalCode","entity":"","property":"postalCode","collectionField":null,"itemNumber":"","stdDataOptions":"manual","allowEdit":"true"}}},"parentId":"SubjectPropertyInfo","domPath":"/SubjectPropertyInfo","depth":null,"index":0,"name":"ZipCtrl","isAvailableOnWorkspace":"true","enabled":"true","tabIndex":"","lockField":"false","lockIconPosition":"Left","lockIconPositionValue":"1","city":"12 (Subject Property City)","state":"14 (Subject Property State)","country":"13 (Subject Property County)","cityField":"12","stateField":"14","countyField":"13","rolodexId":"","rolodexField":"","visible":"true","controlAction":"","controlActionText":"Choose One...","field":"15 (Subject Property Zip)","originalEnabled":true,"previewMode":false},{"id":"CountyCtrl","type":"TextBox","cid":"7897352d-14c4-9506-6604-1d630f457644","options":0,"controlClass":"em-txt-lg","labelPosition":"label_Top","labelAlignment":"label_Left","Properties":{"ui":{"width":5,"isControlResized":true,"label":"County","offset":0,"labelWrap":"false","labelPosition":"Top","labelPositionValue":"1","labelAlignment":"Left","labelAlignmentValue":"1","labelStyle":"","removedLabel":"false","hoverText":"","maxChar":"0","inputSymbol":"","inputSymbolText":"-- Choose One--","placeholder":"","instructionText":"","isInternational":"false","removedBorder":"false"},"events":{},"data":{"domain":{"fieldId":"13","fieldType":"standard","fieldFormat":"STRING","fieldFormatReset":"STRING","fieldDBType":"String","entityPath":"loan.property.county","entity":"","property":"county","collectionField":null,"itemNumber":"","stdDataOptions":"manual","allowEdit":"true"}}},"parentId":"SubjectPropertyInfo","domPath":"/SubjectPropertyInfo","depth":null,"index":0,"name":"CountyCtrl","isAvailableOnWorkspace":"true","enabled":"true","tabIndex":"","lockField":"false","lockIconPosition":"Left","lockIconPositionValue":"1","city":"12 (Subject Property City)","state":"14 (Subject Property State)","country":"13 (Subject Property County)","cityField":"12","stateField":"14","countyField":"13","rolodexId":"","rolodexField":"","visible":"true","controlAction":"","controlActionText":"Choose One...","originalEnabled":true,"field":"13 (Subject Property County)","previewMode":false},{"id":"Label1","type":"Label","cid":"d803ccfd-c7a8-bab5-8631-bf332c5336db","options":0,"controlClass":"em-txt-lg","labelPosition":"label_Top","labelAlignment":"label_Left","Properties":{"ui":{"width":8,"isControlResized":true,"labelContent":" ","offset":0,"labelWrap":"false","labelStyle":"","removedTopRow":"true","labelAlignment":"Left","labelAlignmentValue":"1"},"events":{},"data":{"domain":{}}},"parentId":"SubjectPropertyInfo","domPath":"/SubjectPropertyInfo","depth":null,"index":0,"name":"Label1","isAvailableOnWorkspace":"true","enabled":"true","visible":"true","labelStyle":"","removedTopRow":"true","previewMode":false},{"id":"Label2","type":"Label","cid":"3c46e678-fd09-56a4-9c4d-fcbaa867df92","options":0,"controlClass":"em-txt-lg","labelPosition":"label_Top","labelAlignment":"label_Right","Properties":{"ui":{"width":2,"isControlResized":true,"labelContent":"Last Refreshed: ","offset":10,"labelWrap":"false","labelStyle":"","removedTopRow":"true","labelAlignment":"Right","labelAlignmentValue":"3"},"events":{},"data":{"domain":{}}},"parentId":"SubjectPropertyInfo","domPath":"/SubjectPropertyInfo","depth":null,"index":0,"name":"Label2","isAvailableOnWorkspace":"true","enabled":"true","visible":"true","labelStyle":"","removedTopRow":"true","previewMode":false},{"id":"LastRunDateCtrl","type":"Label","cid":"b977cad9-bbcc-15b1-5b31-4eb3e8aca410","options":0,"controlClass":"em-txt-lg","labelPosition":"label_Top","labelAlignment":"label_Left","Properties":{"ui":{"width":1,"isControlResized":true,"labelContent":"(date)","offset":0,"labelWrap":"false","labelStyle":"","removedTopRow":"true","labelAlignment":"Left","labelAlignmentValue":"1"},"events":{},"data":{"domain":{}}},"parentId":"SubjectPropertyInfo","domPath":"/SubjectPropertyInfo","depth":null,"index":0,"name":"LastRunDateCtrl","isAvailableOnWorkspace":"true","enabled":"true","visible":"true","labelStyle":"","removedTopRow":"true","previewMode":false},{"id":"SearchButtonCtrl","type":"Button","cid":"34c5e9dc-74da-da6f-bad2-13f51dba0da7","options":0,"Properties":{"ui":{"width":2,"isControlResized":true,"offset":0,"value":"Lookup Disasters","buttonType":"Button","labelStyle":"","buttonTypeValue":"1","hoverText":null,"removedTopRow":"true","buttonStyles":"primary","modalButtonText":null,"height":30,"top":551.546875,"left":1142.890625},"events":{"Click":"X24_DisasterLookup_default.SearchButtonCtrl_click()"},"data":{"domain":{}}},"parentId":"SubjectPropertyInfo","domPath":"/SubjectPropertyInfo","depth":null,"index":0,"name":"SearchButtonCtrl","isAvailableOnWorkspace":"true","enabled":"true","visible":"true","tabIndex":"","controlAction":"","controlActionText":"Choose One...","controlActionType":"appModal/navigate/formInModal (default: appModal)","controlEnableMobile":true,"removedTopRow":"true","previewMode":false},{"id":"DataResultsCtrl","type":"DataGrid","cid":"e02e3d35-26e9-65db-2e5c-73d11280ba34","options":0,"headerClass":"em-group-box","Properties":{"ui":{"width":12,"isControlResized":true,"label":"Disaster Declarations","offset":0,"enableHeader":"true","datagridHeader":"Disaster Declarations","containerType":"GroupBox"},"events":{},"data":{"domain":{}}},"parentId":"SubjectPropertyInfo","domPath":"/SubjectPropertyInfo","depth":null,"index":0,"name":"DataResultsCtrl","isAvailableOnWorkspace":"true","enabled":"true","visible":"true","previewMode":false}],"Assets":[{"AssetId":"bfe8e65d-a7b2-437f-8212-9bc069ee4198","Type":"script:library","name":"X24_DisasterLookup_default.js","uri":null}],"Properties":{"FormControlId":"Form1","ui":{"width":"","height":800,"spacing":"2","deviceValue":"Desktop","deviceText":"Desktop/Tablet","headerButtons":"false","formClass":"","formClassValue":""},"data":null,"events":{"formLoad":"X24_DisasterLookup_default.form_onload()","formUnload":""}},"Entities":[],"Count":{"panels":1,"controls":{"TextBox":5,"Label":3,"Button":1,"DataGrid":1},"assets":0,"Entities":{}}}
