{"Metadata":{"Name":"X24_DisasterLookup_step1","ModifiedBy":"admin","ModifiedDate":"11/28/2023, 07:15:42 PM","version":"","Description":"","Enabled":false,"Type":"Custom","Version":"24.1.0-4","linkedDashboards":[],"FormLayout":"responsive","filename":"X24_DisasterLookup_step1","customFields":[],"status":"PENDING"},"Panels":[{"id":"Categorybox1","cid":"72b4e00b-6da0-8d2b-2bf0-1869d6cfad21","row":"1","col":"12","sectionHeaderText":"Subject Property","formPersonaAccess":{},"enableHeader":"true","enabled":"true","visible":"true","isAvailableOnWorkspace":"true","lastItem":"last-item"}],"Controls":[{"id":"StreetCtrl","type":"TextBox","cid":"9452e83b-a354-9d50-87f0-3561e25a0f8d","options":0,"controlClass":"em-txt-lg","labelPosition":"label_Top","labelAlignment":"label_Left","Properties":{"ui":{"width":7,"isControlResized":true,"label":"Street Address","offset":0,"labelWrap":"false","labelPosition":"Top","labelPositionValue":"1","labelAlignment":"Left","labelAlignmentValue":"1","labelStyle":"","removedLabel":"false","hoverText":"","maxChar":"0","inputSymbol":"","inputSymbolText":"-- Choose One--","placeholder":"","instructionText":"","isInternational":"false","removedBorder":"false"},"events":{},"data":{"domain":{"fieldId":"URLA.X73","fieldType":"standard","fieldFormat":"STRING","fieldFormatReset":"STRING","fieldDBType":"String","entityPath":"loan.property.addressLineText","entity":"","property":"addressLineText","collectionField":null,"itemNumber":"","allowEdit":"true"}}},"parentId":"Categorybox1","domPath":"/Categorybox1","depth":null,"index":0,"name":"TextBox1","isAvailableOnWorkspace":"true","enabled":"true","tabIndex":"","lockField":"false","lockIconPosition":"Left","lockIconPositionValue":"1","city":"","state":"","country":"","cityField":"","stateField":"","countyField":"","rolodexId":"","rolodexField":"","visible":"true","controlAction":"","controlActionText":"Choose One...","field":"URLA.X73 (Property Address Line Text)","previewMode":false},{"id":"CityCtrl","type":"TextBox","cid":"14945ca0-809c-11e2-70cd-a9c9867c5cec","options":0,"controlClass":"em-txt-lg","labelPosition":"label_Top","labelAlignment":"label_Left","Properties":{"ui":{"width":4,"isControlResized":true,"label":"City","offset":2,"labelWrap":"false","labelPosition":"Top","labelPositionValue":"1","labelAlignment":"Left","labelAlignmentValue":"1","labelStyle":"","removedLabel":"false","hoverText":"","maxChar":"0","inputSymbol":"","inputSymbolText":"-- Choose One--","placeholder":"","instructionText":"","isInternational":"false","removedBorder":"false"},"events":{},"data":{"domain":{"fieldId":"12","fieldType":"standard","fieldFormat":"STRING","fieldFormatReset":"STRING","fieldDBType":"String","entityPath":"loan.property.city","entity":"","property":"city","collectionField":null,"itemNumber":"","allowEdit":"true"}}},"parentId":"Categorybox1","domPath":"/Categorybox1","depth":null,"index":0,"name":"TextBox2","isAvailableOnWorkspace":"true","enabled":"true","tabIndex":"","lockField":"false","lockIconPosition":"Left","lockIconPositionValue":"1","city":"","state":"","country":"","cityField":"","stateField":"","countyField":"","rolodexId":"","rolodexField":"","visible":"true","controlAction":"","controlActionText":"Choose One...","field":"12 (Subject Property City)","previewMode":false},{"id":"StateCtrl","type":"TextBox","cid":"8c9c3909-6c04-9324-5420-e569141ce258","options":0,"controlClass":"em-txt-lg","labelPosition":"label_Top","labelAlignment":"label_Left","Properties":{"ui":{"width":1,"isControlResized":true,"label":"State","offset":0,"labelWrap":"false","labelPosition":"Top","labelPositionValue":"1","labelAlignment":"Left","labelAlignmentValue":"1","labelStyle":"","removedLabel":"false","hoverText":"","maxChar":"2","inputSymbol":"","inputSymbolText":"-- Choose One--","placeholder":"","instructionText":"","isInternational":"false","removedBorder":"false"},"events":{},"data":{"domain":{"fieldId":"14","fieldType":"standard","fieldFormat":"STATE","fieldFormatReset":"STATE","fieldDBType":"String","entityPath":"loan.property.state","entity":"","property":"state","collectionField":null,"itemNumber":"","allowEdit":"true"}}},"parentId":"Categorybox1","domPath":"/Categorybox1","depth":null,"index":0,"name":"TextBox3","isAvailableOnWorkspace":"true","enabled":"true","tabIndex":"","lockField":"false","lockIconPosition":"Left","lockIconPositionValue":"1","city":"","state":"","country":"","cityField":"","stateField":"","countyField":"","rolodexId":"","rolodexField":"","visible":"true","controlAction":"","controlActionText":"Choose One...","field":"14 (Subject Property State)","previewMode":false},{"id":"ZipCtrl","type":"TextBox","cid":"55a6e733-c99f-87ca-97d2-38179920098e","options":0,"controlClass":"em-txt-lg","labelPosition":"label_Top","labelAlignment":"label_Left","Properties":{"ui":{"width":3,"isControlResized":true,"label":"Zip","offset":0,"labelWrap":"false","labelPosition":"Top","labelPositionValue":"1","labelAlignment":"Left","labelAlignmentValue":"1","labelStyle":"","removedLabel":"false","hoverText":"","maxChar":"10","inputSymbol":"","inputSymbolText":"-- Choose One--","placeholder":"","instructionText":"","isInternational":"false","removedBorder":"false"},"events":{},"data":{"domain":{"fieldId":"15","fieldType":"standard","fieldFormat":"ZIPCODE","fieldFormatReset":"ZIPCODE","fieldDBType":"String","entityPath":"loan.property.postalCode","entity":"","property":"postalCode","collectionField":null,"itemNumber":"","allowEdit":"true"}}},"parentId":"Categorybox1","domPath":"/Categorybox1","depth":null,"index":0,"name":"TextBox4","isAvailableOnWorkspace":"true","enabled":"true","tabIndex":"","lockField":"false","lockIconPosition":"Left","lockIconPositionValue":"1","city":"12 (Subject Property City)","state":"14 (Subject Property State)","country":"13 (Subject Property County)","cityField":"12","stateField":"14","countyField":"13","rolodexId":"","rolodexField":"","visible":"true","controlAction":"","controlActionText":"Choose One...","field":"15 (Subject Property Zip)","previewMode":false},{"id":"CountyCtrl","type":"TextBox","cid":"1b86a142-9fac-1be7-e52f-62c220784ab5","options":0,"controlClass":"em-txt-lg","labelPosition":"label_Top","labelAlignment":"label_Left","Properties":{"ui":{"width":4,"isControlResized":true,"label":"County","offset":1,"labelWrap":"false","labelPosition":"Top","labelPositionValue":"1","labelAlignment":"Left","labelAlignmentValue":"1","labelStyle":"","removedLabel":"false","hoverText":"","maxChar":"0","inputSymbol":"","inputSymbolText":"-- Choose One--","placeholder":"","instructionText":"","isInternational":"false","removedBorder":"false"},"events":{},"data":{"domain":{"fieldId":"13","fieldType":"standard","fieldFormat":"STRING","fieldFormatReset":"STRING","fieldDBType":"String","entityPath":"loan.property.county","entity":"","property":"county","collectionField":null,"itemNumber":"","allowEdit":"true"}}},"parentId":"Categorybox1","domPath":"/Categorybox1","depth":null,"index":0,"name":"TextBox5","isAvailableOnWorkspace":"true","enabled":"true","tabIndex":"","lockField":"false","lockIconPosition":"Left","lockIconPositionValue":"1","city":"","state":"","country":"","cityField":"","stateField":"","countyField":"","rolodexId":"","rolodexField":"","visible":"true","controlAction":"","controlActionText":"Choose One...","field":"13 (Subject Property County)","previewMode":false}],"Assets":[],"Properties":{"FormControlId":"Form1","ui":{"width":1319,"height":800,"spacing":"2","deviceValue":"Desktop","deviceText":"Desktop/Tablet","headerButtons":"false","formClass":"","formClassValue":""},"data":null,"events":null},"Entities":[],"Count":{"panels":1,"controls":{"TextBox":5,"Section":1},"assets":0,"Entities":{}}}
